               epoch,      train/box_loss,      train/obj_loss,      train/cls_loss,   metrics/precision,      metrics/recall,     metrics/mAP_0.5,metrics/mAP_0.5:0.95,        val/box_loss,        val/obj_loss,        val/cls_loss,               x/lr0,               x/lr1,               x/lr2
                   0,             0.12885,             0.11092,            0.029758,                   0,                   0,                   0,                   0,             0.12152,            0.086891,            0.028002,              0.0006,              0.0006,              0.0946
                   1,              0.1237,             0.10585,            0.028475,                   0,                   0,                   0,                   0,             0.11759,            0.081094,            0.026298,           0.0012957,           0.0012957,            0.088296
                   2,             0.11963,             0.10235,            0.025774,                   0,                   0,                   0,                   0,             0.11416,            0.077369,            0.024816,           0.0019868,           0.0019868,            0.081987
                   3,             0.11504,            0.084882,            0.024369,            0.018452,            0.016729,           0.0049419,           0.0009231,             0.11013,            0.075882,            0.023469,           0.0026733,           0.0026733,            0.075673
                   4,             0.11309,             0.11629,            0.020926,              0.0237,            0.021375,           0.0057683,           0.0014239,              0.1055,            0.072352,            0.020858,           0.0033551,           0.0033551,            0.069355
                   5,             0.10738,            0.086582,            0.018969,             0.57638,            0.020446,           0.0083086,           0.0015298,             0.10388,            0.071917,            0.019232,           0.0040324,           0.0040324,            0.063032
                   6,             0.10551,             0.11658,            0.015029,             0.59623,             0.02881,            0.014512,           0.0030266,            0.097995,            0.073989,            0.018036,            0.004705,            0.004705,            0.056705
                   7,             0.10139,            0.095883,             0.01548,            0.032564,             0.02273,           0.0056616,          0.00098265,             0.10018,            0.075253,            0.017078,           0.0053729,           0.0053729,            0.050373
                   8,             0.10918,            0.076127,             0.01457,             0.56044,            0.023234,            0.013284,           0.0020656,            0.096602,            0.072519,            0.013556,           0.0060363,           0.0060363,            0.044036
                   9,             0.10698,            0.087828,            0.010756,             0.56464,            0.035316,            0.014911,           0.0030962,            0.093297,            0.079522,            0.012025,           0.0066951,           0.0066951,            0.037695
                  10,             0.10719,            0.086802,            0.010425,             0.59821,            0.036245,            0.029333,           0.0063251,            0.098778,            0.076666,            0.010462,           0.0073492,           0.0073492,            0.031349
                  11,             0.10738,             0.10795,           0.0099446,             0.12917,            0.044792,            0.029251,           0.0070842,            0.094486,            0.079171,           0.0075424,           0.0079987,           0.0079987,            0.024999
                  12,             0.10568,            0.084286,           0.0079238,            0.030356,            0.031599,            0.012909,           0.0040455,             0.11108,            0.091914,           0.0069355,           0.0086436,           0.0086436,            0.018644
                  13,             0.10812,            0.097579,           0.0068279,            0.026493,            0.025336,           0.0096055,           0.0021975,            0.097879,             0.12595,           0.0061583,           0.0092839,           0.0092839,            0.012284
                  14,             0.10216,             0.11134,            0.010516,            0.046694,            0.030165,            0.020648,           0.0047406,             0.10274,             0.11067,           0.0059304,            0.009538,            0.009538,            0.009538
                  15,             0.10095,             0.10362,           0.0074289,            0.093711,            0.048631,             0.04004,           0.0093288,            0.090263,            0.088041,           0.0054026,            0.009538,            0.009538,            0.009538
                  16,            0.097272,             0.12119,           0.0082677,             0.10478,            0.053239,            0.033642,           0.0066958,             0.09339,            0.085205,           0.0041508,            0.009505,            0.009505,            0.009505
                  17,            0.093422,             0.10442,           0.0074368,            0.074359,            0.041439,            0.017214,           0.0032662,              0.0907,              0.1296,            0.004277,            0.009472,            0.009472,            0.009472
                  18,            0.093141,             0.10006,           0.0061154,             0.07566,            0.035923,            0.019168,           0.0043898,            0.095003,             0.15061,           0.0053063,            0.009439,            0.009439,            0.009439
                  19,            0.088469,               0.122,           0.0063406,            0.084391,            0.063118,            0.037477,           0.0085015,            0.082481,             0.12306,           0.0031126,            0.009406,            0.009406,            0.009406
                  20,            0.086909,             0.10179,           0.0051929,            0.057883,            0.036367,            0.024113,           0.0056273,             0.10076,             0.13344,           0.0025058,            0.009373,            0.009373,            0.009373
                  21,            0.088846,             0.10117,           0.0051056,            0.072188,            0.033822,            0.037531,            0.011392,            0.086685,             0.16181,           0.0021265,             0.00934,             0.00934,             0.00934
                  22,            0.085183,             0.10697,           0.0038023,             0.19118,            0.021436,            0.037253,            0.010081,            0.099524,             0.14579,           0.0020718,            0.009307,            0.009307,            0.009307
                  23,            0.086974,            0.083528,            0.005488,             0.22682,            0.065116,            0.065547,            0.018552,            0.079647,            0.098682,           0.0017307,            0.009274,            0.009274,            0.009274
                  24,            0.081741,            0.090894,           0.0037303,            0.091205,            0.080757,            0.031065,           0.0059323,            0.079189,             0.10904,           0.0019629,            0.009241,            0.009241,            0.009241
                  25,             0.08456,            0.090727,           0.0037834,              0.2372,             0.07427,            0.053661,            0.013127,            0.078164,            0.080888,            0.001906,            0.009208,            0.009208,            0.009208
                  26,            0.077399,             0.10132,           0.0039147,             0.30446,             0.13975,             0.10831,            0.028152,            0.078308,            0.084129,           0.0017223,            0.009175,            0.009175,            0.009175
                  27,            0.081653,            0.098647,           0.0033073,             0.24467,             0.16476,             0.10573,            0.023061,            0.073868,            0.084706,           0.0015244,            0.009142,            0.009142,            0.009142
                  28,            0.086309,             0.08525,           0.0029959,             0.13865,            0.073784,            0.036262,           0.0091541,            0.092885,            0.081736,           0.0016056,            0.009109,            0.009109,            0.009109
                  29,            0.082768,            0.091388,           0.0035257,             0.17693,              0.1738,            0.098969,            0.025142,             0.07408,            0.079303,           0.0013966,            0.009076,            0.009076,            0.009076
                  30,            0.087074,            0.089302,           0.0031087,             0.37542,             0.16422,             0.11652,            0.027973,            0.071426,            0.074806,           0.0014436,            0.009043,            0.009043,            0.009043
                  31,            0.074855,             0.11231,           0.0030057,             0.27531,             0.17814,             0.11309,            0.029976,            0.070673,            0.082779,           0.0012536,             0.00901,             0.00901,             0.00901
                  32,            0.073897,            0.089801,           0.0029516,             0.31652,             0.23733,             0.16553,            0.043362,            0.071914,            0.069815,           0.0010379,            0.008977,            0.008977,            0.008977
                  33,            0.073357,             0.11025,           0.0025423,             0.31866,             0.34527,             0.20853,            0.050132,             0.06914,            0.073447,           0.0012073,            0.008944,            0.008944,            0.008944
                  34,            0.075131,            0.095741,           0.0026073,              0.3372,             0.20396,             0.12815,            0.032384,            0.071233,            0.068015,           0.0013892,            0.008911,            0.008911,            0.008911
                  35,            0.071692,            0.089483,           0.0025626,             0.53443,             0.39188,             0.36541,            0.099632,            0.070464,            0.067948,            0.001718,            0.008878,            0.008878,            0.008878
                  36,            0.069354,            0.090039,           0.0020965,              0.5769,             0.45503,             0.42258,             0.11015,            0.068187,            0.069431,            0.001528,            0.008845,            0.008845,            0.008845
                  37,            0.070115,            0.087876,           0.0017794,             0.55157,             0.45715,             0.42594,             0.10997,            0.068044,            0.070022,           0.0010667,            0.008812,            0.008812,            0.008812
                  38,            0.071069,            0.096926,           0.0016872,             0.39174,             0.48796,             0.36061,            0.091343,            0.073937,            0.070496,           0.0012542,            0.008779,            0.008779,            0.008779
                  39,            0.069443,             0.09895,           0.0019308,             0.50349,             0.39472,             0.34472,            0.090171,            0.070589,            0.068101,           0.0013306,            0.008746,            0.008746,            0.008746
                  40,            0.074584,             0.09142,           0.0020117,             0.36606,             0.43409,             0.22699,            0.054581,            0.066558,            0.068447,           0.0012604,            0.008713,            0.008713,            0.008713
                  41,            0.074902,             0.11668,           0.0025177,             0.53617,             0.40995,             0.37965,            0.092787,            0.068819,            0.069114,           0.0014618,             0.00868,             0.00868,             0.00868
                  42,            0.069061,            0.090879,           0.0022414,             0.57795,             0.51088,             0.47734,             0.13118,            0.063684,            0.068567,           0.0012951,            0.008647,            0.008647,            0.008647
                  43,            0.069567,            0.091976,           0.0027361,             0.53446,             0.54107,              0.5017,             0.13895,            0.062625,            0.066962,           0.0012082,            0.008614,            0.008614,            0.008614
                  44,            0.068866,             0.10372,           0.0020373,             0.44664,             0.44071,             0.36283,            0.093669,            0.064959,            0.063607,           0.0013006,            0.008581,            0.008581,            0.008581
                  45,            0.067415,            0.093283,           0.0023384,              0.4214,             0.52422,             0.39229,             0.11264,            0.063775,            0.065763,           0.0012127,            0.008548,            0.008548,            0.008548
                  46,            0.072071,            0.094666,           0.0019012,             0.41397,             0.44122,             0.31733,            0.079108,            0.069421,            0.063158,            0.001073,            0.008515,            0.008515,            0.008515
                  47,            0.071255,            0.091645,           0.0017761,             0.53528,             0.55128,             0.50362,             0.13844,            0.061378,            0.065448,           0.0010524,            0.008482,            0.008482,            0.008482
                  48,            0.069441,            0.093289,            0.001488,             0.58431,             0.54442,             0.53451,             0.15697,             0.06164,            0.064755,           0.0009777,            0.008449,            0.008449,            0.008449
                  49,            0.070393,             0.10222,           0.0016984,             0.26623,             0.38949,             0.21141,            0.045808,            0.069242,            0.059653,          0.00093846,            0.008416,            0.008416,            0.008416
                  50,            0.071178,            0.095638,           0.0016339,             0.52959,             0.54061,             0.48951,             0.12173,            0.063395,            0.064433,           0.0011016,            0.008383,            0.008383,            0.008383
                  51,            0.070987,            0.090693,           0.0016357,             0.62848,              0.5341,             0.52611,             0.14497,            0.064268,            0.064415,           0.0012646,             0.00835,             0.00835,             0.00835
                  52,            0.063184,              0.1039,           0.0017651,             0.64119,             0.48563,              0.4949,             0.13384,            0.063468,            0.063771,           0.0010533,            0.008317,            0.008317,            0.008317
                  53,            0.066213,              0.1042,           0.0014388,             0.55139,             0.57103,             0.53297,             0.14661,            0.060566,            0.064063,           0.0008976,            0.008284,            0.008284,            0.008284
                  54,            0.063697,            0.086847,            0.001584,             0.56244,             0.57435,             0.55827,             0.16779,            0.056905,            0.063204,          0.00097954,            0.008251,            0.008251,            0.008251
                  55,            0.065039,              0.1012,           0.0015143,             0.66507,             0.54905,             0.56844,             0.17491,            0.057809,            0.067623,          0.00075166,            0.008218,            0.008218,            0.008218
                  56,            0.063211,            0.086546,           0.0017819,             0.63122,             0.55565,             0.53706,             0.15961,            0.057424,            0.069791,           0.0009166,            0.008185,            0.008185,            0.008185
                  57,            0.065896,            0.091321,           0.0014928,             0.71804,             0.43835,             0.42628,             0.11302,            0.060158,            0.071385,          0.00074688,            0.008152,            0.008152,            0.008152
                  58,            0.064217,            0.099265,           0.0020596,             0.61726,             0.48131,             0.47868,             0.14238,            0.062655,            0.065688,          0.00084941,            0.008119,            0.008119,            0.008119
                  59,            0.063641,            0.076776,           0.0013439,             0.68047,             0.51308,             0.52006,             0.14328,            0.064916,              0.0766,          0.00081106,            0.008086,            0.008086,            0.008086
                  60,            0.064953,            0.073904,           0.0014035,             0.54633,             0.55469,             0.51731,             0.14655,              0.0615,            0.062275,          0.00071501,            0.008053,            0.008053,            0.008053
                  61,            0.069496,            0.090823,           0.0041524,             0.50925,             0.47557,             0.42037,             0.10294,            0.060747,            0.061575,           0.0008176,             0.00802,             0.00802,             0.00802
                  62,            0.067929,             0.07697,           0.0020342,              0.5647,             0.55099,             0.49311,             0.13829,            0.058842,            0.061327,          0.00082622,            0.007987,            0.007987,            0.007987
                  63,            0.064752,            0.090663,           0.0017649,             0.67837,             0.57887,             0.59306,             0.17381,            0.054792,            0.062927,          0.00093748,            0.007954,            0.007954,            0.007954
                  64,            0.069574,             0.10347,           0.0015313,              0.6919,             0.57118,             0.61157,             0.17919,            0.056435,             0.06177,          0.00088539,            0.007921,            0.007921,            0.007921
                  65,            0.074672,             0.08215,           0.0064377,              0.4711,             0.36149,             0.29736,            0.074074,            0.069679,            0.060534,           0.0018732,            0.007888,            0.007888,            0.007888
                  66,            0.066242,            0.078842,           0.0017073,             0.63867,             0.43646,              0.4412,             0.14654,            0.057799,            0.063207,           0.0010055,            0.007855,            0.007855,            0.007855
                  67,            0.066906,            0.082221,           0.0013279,              0.6934,             0.47565,             0.48414,             0.15003,            0.057795,            0.062384,           0.0010805,            0.007822,            0.007822,            0.007822
                  68,            0.065151,             0.11851,           0.0019097,             0.68197,             0.31863,             0.32913,            0.095086,            0.059488,            0.063189,           0.0010469,            0.007789,            0.007789,            0.007789
                  69,             0.06459,            0.095387,           0.0013715,             0.67785,             0.54836,             0.53945,             0.15932,            0.062067,            0.059797,           0.0008746,            0.007756,            0.007756,            0.007756
                  70,            0.066362,            0.091298,           0.0014741,             0.69359,             0.44868,             0.45619,             0.13538,            0.063401,            0.061895,          0.00095196,            0.007723,            0.007723,            0.007723
                  71,            0.058854,            0.071292,           0.0013664,             0.63775,             0.50017,             0.51368,             0.13799,            0.062562,            0.060576,          0.00081834,             0.00769,             0.00769,             0.00769
                  72,            0.064739,            0.073455,           0.0011461,             0.67488,             0.60943,              0.6014,             0.16936,            0.056749,            0.058974,          0.00082062,            0.007657,            0.007657,            0.007657
                  73,            0.065484,            0.093634,           0.0015003,             0.70522,             0.53392,             0.56584,             0.14718,            0.059083,            0.059655,          0.00090596,            0.007624,            0.007624,            0.007624
                  74,            0.065485,            0.083344,           0.0015197,             0.70028,             0.56152,             0.58711,             0.16813,            0.054324,            0.057571,          0.00092933,            0.007591,            0.007591,            0.007591
                  75,            0.058767,            0.060076,           0.0013362,             0.70097,             0.62735,             0.64399,             0.19348,            0.056197,            0.060611,          0.00083901,            0.007558,            0.007558,            0.007558
                  76,            0.064039,             0.13409,           0.0027333,             0.70842,             0.65345,             0.66235,             0.21394,            0.053132,            0.058084,          0.00086152,            0.007525,            0.007525,            0.007525
                  77,             0.06686,            0.084326,           0.0014598,              0.4906,             0.55048,             0.48558,             0.13387,            0.074343,            0.055371,          0.00086703,            0.007492,            0.007492,            0.007492
                  78,            0.063713,             0.09469,           0.0015418,             0.66887,             0.66459,             0.64491,             0.20484,             0.05381,            0.058431,          0.00098563,            0.007459,            0.007459,            0.007459
                  79,            0.060981,             0.10577,            0.001089,              0.7401,             0.65537,             0.65879,             0.22182,             0.05339,            0.058648,          0.00096908,            0.007426,            0.007426,            0.007426
                  80,            0.060633,             0.11377,           0.0012114,             0.77114,             0.59542,              0.6309,             0.18887,            0.053854,            0.057498,          0.00096993,            0.007393,            0.007393,            0.007393
                  81,            0.062909,             0.10394,           0.0013314,             0.73131,              0.5658,             0.60818,             0.18893,            0.051578,            0.064016,          0.00065285,             0.00736,             0.00736,             0.00736
                  82,            0.059091,            0.097728,            0.001241,             0.64942,             0.62456,             0.62915,             0.18645,            0.060901,            0.056535,           0.0008514,            0.007327,            0.007327,            0.007327
                  83,            0.064506,            0.084399,           0.0012592,              0.5645,             0.55031,             0.51907,             0.14186,            0.066179,            0.054058,          0.00076133,            0.007294,            0.007294,            0.007294
                  84,            0.066638,            0.073314,           0.0014121,             0.51579,             0.63319,             0.45743,             0.11787,            0.054886,            0.056159,          0.00067681,            0.007261,            0.007261,            0.007261
                  85,             0.07009,            0.099113,            0.001653,             0.65665,             0.67186,             0.65528,             0.18713,            0.055758,            0.055191,           0.0009558,            0.007228,            0.007228,            0.007228
                  86,            0.061517,            0.091431,           0.0014575,             0.76285,             0.63074,             0.66487,             0.21564,            0.052572,            0.059381,          0.00088922,            0.007195,            0.007195,            0.007195
                  87,            0.060874,            0.071071,           0.0014708,             0.75868,             0.69243,             0.72479,             0.24241,            0.047521,            0.054281,          0.00082047,            0.007162,            0.007162,            0.007162
                  88,            0.058084,            0.089065,           0.0012719,             0.75982,              0.6784,             0.70263,             0.23069,            0.048197,            0.055993,          0.00085466,            0.007129,            0.007129,            0.007129
                  89,            0.061325,            0.090616,           0.0011974,             0.78459,             0.69116,             0.73769,             0.23999,            0.049649,             0.05434,          0.00076418,            0.007096,            0.007096,            0.007096
                  90,            0.059703,             0.07181,            0.001118,             0.82107,             0.72512,             0.76657,             0.26543,            0.046669,            0.052387,          0.00074856,            0.007063,            0.007063,            0.007063
                  91,            0.056887,            0.088041,           0.0014228,             0.81563,             0.72636,             0.76954,             0.27137,            0.048584,            0.052868,          0.00073479,             0.00703,             0.00703,             0.00703
                  92,            0.057275,            0.072885,           0.0010613,             0.65194,             0.57545,             0.57361,             0.14913,            0.056875,            0.051343,          0.00071689,            0.006997,            0.006997,            0.006997
                  93,            0.060967,            0.086187,           0.0010542,             0.68426,             0.66033,             0.64075,             0.18239,            0.050628,            0.055301,          0.00064884,            0.006964,            0.006964,            0.006964
                  94,            0.060915,            0.078359,            0.001017,             0.70707,              0.6035,             0.62135,             0.18276,            0.054558,            0.058545,          0.00073034,            0.006931,            0.006931,            0.006931
                  95,            0.058761,            0.089223,           0.0012233,             0.72061,             0.70346,             0.71727,             0.23145,             0.04856,            0.054886,          0.00056895,            0.006898,            0.006898,            0.006898
                  96,            0.058091,            0.072358,           0.0010508,             0.71136,             0.68256,             0.69234,             0.21729,            0.053381,            0.054416,          0.00055647,            0.006865,            0.006865,            0.006865
                  97,            0.061068,            0.079866,          0.00079795,             0.76755,              0.7214,             0.73737,              0.2498,            0.049004,             0.05237,          0.00062631,            0.006832,            0.006832,            0.006832
                  98,            0.058386,            0.093338,           0.0011644,             0.80976,             0.69504,             0.74094,             0.24497,            0.051701,            0.051662,          0.00071452,            0.006799,            0.006799,            0.006799
                  99,            0.055906,            0.092094,           0.0013971,             0.80499,             0.69677,             0.74477,             0.24463,            0.053272,            0.052041,          0.00083314,            0.006766,            0.006766,            0.006766
                 100,             0.05514,            0.082228,           0.0011631,             0.79431,             0.73015,             0.75485,             0.25942,            0.049682,            0.051414,          0.00071934,            0.006733,            0.006733,            0.006733
                 101,            0.057086,            0.068161,            0.001121,             0.77648,             0.69182,             0.73246,             0.23284,            0.051558,             0.05114,           0.0007688,              0.0067,              0.0067,              0.0067
                 102,            0.056709,            0.072457,           0.0011723,             0.79178,             0.71885,             0.74723,             0.23376,            0.050053,            0.051021,          0.00068839,            0.006667,            0.006667,            0.006667
                 103,            0.056907,            0.095084,           0.0010095,             0.82793,             0.75792,             0.80218,             0.27771,            0.048852,            0.050658,          0.00079417,            0.006634,            0.006634,            0.006634
                 104,            0.054548,            0.081205,           0.0011621,             0.86377,             0.73088,             0.80581,             0.29049,             0.04582,            0.051051,          0.00067916,            0.006601,            0.006601,            0.006601
                 105,            0.057777,             0.10193,           0.0012979,             0.78583,             0.76572,             0.78343,             0.25748,            0.046649,            0.050371,          0.00085113,            0.006568,            0.006568,            0.006568
                 106,             0.05734,            0.082726,           0.0010991,             0.83105,             0.74493,             0.80062,             0.27414,            0.045753,            0.049635,           0.0008272,            0.006535,            0.006535,            0.006535
                 107,            0.054023,            0.062355,           0.0011868,             0.82373,             0.75866,             0.81088,             0.28874,            0.045567,            0.049291,          0.00083323,            0.006502,            0.006502,            0.006502
                 108,            0.053768,            0.096775,           0.0010372,             0.82189,             0.75939,             0.79893,             0.28767,            0.042816,            0.049648,          0.00073684,            0.006469,            0.006469,            0.006469
                 109,            0.055581,            0.073485,           0.0012228,              0.8483,             0.75569,             0.82017,             0.29726,            0.045826,            0.049091,          0.00072632,            0.006436,            0.006436,            0.006436
                 110,            0.054932,            0.084228,           0.0010498,             0.81427,             0.74008,              0.8014,             0.26642,            0.048963,            0.049043,          0.00071283,            0.006403,            0.006403,            0.006403
                 111,            0.054764,            0.067331,          0.00085753,             0.85089,             0.75345,             0.81678,             0.28913,            0.043984,            0.048862,          0.00069506,             0.00637,             0.00637,             0.00637
                 112,            0.054458,            0.084094,          0.00094683,             0.80618,              0.7685,             0.80287,             0.27389,            0.048524,            0.048716,          0.00070523,            0.006337,            0.006337,            0.006337
                 113,            0.058396,            0.077943,          0.00092851,             0.80571,             0.74098,             0.77786,             0.26254,            0.046939,            0.050177,          0.00065726,            0.006304,            0.006304,            0.006304
                 114,            0.057209,            0.064898,           0.0012096,             0.78851,             0.66784,             0.71294,             0.22027,            0.059985,            0.048839,           0.0007878,            0.006271,            0.006271,            0.006271
                 115,            0.053722,             0.07727,           0.0010058,             0.72362,             0.67996,             0.69607,             0.20139,            0.055358,            0.051501,          0.00093228,            0.006238,            0.006238,            0.006238
                 116,            0.054548,            0.091868,            0.001271,             0.79242,             0.73311,             0.76629,             0.26566,            0.045204,            0.049745,          0.00080438,            0.006205,            0.006205,            0.006205
                 117,            0.057539,            0.074512,           0.0010171,             0.78678,             0.74705,             0.78379,             0.27259,            0.048437,            0.049019,          0.00074933,            0.006172,            0.006172,            0.006172
                 118,            0.056608,            0.075268,           0.0010097,             0.84591,             0.69575,             0.76023,             0.23789,            0.049553,             0.04784,          0.00067307,            0.006139,            0.006139,            0.006139
                 119,            0.060662,            0.069234,           0.0014442,             0.84203,             0.77525,             0.82898,             0.30411,             0.04369,             0.04953,          0.00076194,            0.006106,            0.006106,            0.006106
                 120,            0.051423,            0.073433,           0.0011544,             0.87504,             0.76974,             0.82951,              0.3051,              0.0446,            0.048778,          0.00078994,            0.006073,            0.006073,            0.006073
                 121,            0.053626,            0.062771,           0.0011012,             0.81565,             0.73316,             0.77605,             0.27393,            0.044948,             0.05106,          0.00069179,             0.00604,             0.00604,             0.00604
                 122,            0.055522,            0.078732,          0.00076159,             0.79606,             0.69756,             0.73091,             0.22669,            0.055337,            0.052144,          0.00081278,            0.006007,            0.006007,            0.006007
                 123,            0.053473,            0.071933,           0.0017404,             0.80005,             0.73719,             0.76294,              0.2522,            0.052961,            0.049361,          0.00076141,            0.005974,            0.005974,            0.005974
                 124,            0.046189,            0.067278,          0.00088795,             0.87301,             0.79446,             0.84829,             0.29613,            0.044149,            0.047339,          0.00066927,            0.005941,            0.005941,            0.005941
                 125,            0.056422,            0.058665,          0.00085327,             0.80607,             0.68387,             0.73674,             0.21857,             0.05004,            0.046759,          0.00075392,            0.005908,            0.005908,            0.005908
                 126,            0.052311,            0.078659,          0.00085403,             0.84033,             0.78932,             0.82025,             0.29555,            0.040116,            0.048328,          0.00073454,            0.005875,            0.005875,            0.005875
                 127,             0.05737,            0.068115,           0.0012227,             0.87829,             0.79717,              0.8556,             0.32409,            0.040312,            0.047383,          0.00070418,            0.005842,            0.005842,            0.005842
                 128,            0.053266,            0.080542,          0.00084577,             0.83258,             0.69143,             0.75544,             0.22892,            0.053524,            0.046566,          0.00076199,            0.005809,            0.005809,            0.005809
                 129,            0.062989,            0.067252,           0.0011194,             0.83539,             0.77035,             0.80411,             0.27591,            0.044859,            0.046573,          0.00077477,            0.005776,            0.005776,            0.005776
                 130,            0.055468,            0.071557,            0.001169,             0.84641,             0.74472,             0.80518,              0.2656,            0.046472,            0.048602,          0.00093637,            0.005743,            0.005743,            0.005743
                 131,             0.05235,            0.076861,           0.0010996,             0.84412,             0.81206,             0.84822,             0.31465,            0.042597,             0.04743,          0.00099723,             0.00571,             0.00571,             0.00571
                 132,            0.051433,             0.05652,           0.0012531,             0.85364,             0.81143,             0.85466,              0.3306,            0.041531,            0.046191,          0.00085817,            0.005677,            0.005677,            0.005677
                 133,            0.055706,            0.070487,          0.00097675,             0.74863,             0.69203,             0.70807,              0.2221,            0.050871,              0.0483,          0.00091887,            0.005644,            0.005644,            0.005644
                 134,            0.052625,            0.080821,           0.0011188,             0.82294,               0.771,             0.81501,             0.29925,            0.044915,            0.050481,          0.00089053,            0.005611,            0.005611,            0.005611
                 135,            0.050846,            0.069179,          0.00099106,             0.81434,             0.76329,             0.80194,             0.29485,            0.044984,            0.050241,          0.00086695,            0.005578,            0.005578,            0.005578
                 136,            0.049528,            0.064304,           0.0009605,             0.81282,             0.73822,             0.78532,             0.28065,            0.046066,            0.048307,          0.00076779,            0.005545,            0.005545,            0.005545
                 137,            0.050265,             0.07584,          0.00083191,             0.86158,              0.8009,             0.85369,             0.33043,            0.042146,            0.048422,          0.00066644,            0.005512,            0.005512,            0.005512
                 138,            0.051352,            0.073127,          0.00076865,             0.85081,             0.75551,             0.80585,             0.28445,            0.049018,            0.048341,          0.00067236,            0.005479,            0.005479,            0.005479
                 139,            0.051004,            0.076486,          0.00080269,              0.8565,             0.79326,             0.85199,             0.34776,              0.0409,            0.047291,          0.00057685,            0.005446,            0.005446,            0.005446
                 140,            0.048575,            0.078014,          0.00079866,             0.85511,             0.78059,             0.83323,             0.30221,            0.047727,            0.047611,          0.00061714,            0.005413,            0.005413,            0.005413
                 141,            0.051484,            0.089743,           0.0006983,              0.9048,             0.78042,             0.85918,             0.33067,            0.040987,            0.047472,          0.00055877,             0.00538,             0.00538,             0.00538
                 142,            0.051661,            0.082594,          0.00091595,             0.91152,             0.81737,             0.88025,             0.33448,            0.043273,            0.044511,          0.00059798,            0.005347,            0.005347,            0.005347
                 143,            0.049824,             0.08478,          0.00089016,             0.85233,             0.81723,             0.85274,              0.3074,            0.044935,             0.04555,          0.00063553,            0.005314,            0.005314,            0.005314
                 144,             0.04969,            0.067626,          0.00075887,             0.87863,             0.83036,             0.87945,             0.35801,            0.038192,             0.04503,          0.00059415,            0.005281,            0.005281,            0.005281
                 145,            0.053441,            0.068004,          0.00070107,             0.82001,             0.76584,             0.80246,             0.25644,             0.05381,            0.045487,          0.00059852,            0.005248,            0.005248,            0.005248
                 146,            0.050127,            0.061017,          0.00070972,             0.89478,             0.77346,              0.8536,             0.33718,            0.040205,            0.047468,          0.00059684,            0.005215,            0.005215,            0.005215
                 147,            0.051998,            0.076028,          0.00093318,             0.84656,             0.85167,              0.8733,             0.35434,            0.039051,            0.045939,          0.00064151,            0.005182,            0.005182,            0.005182
                 148,            0.049496,            0.064154,          0.00082807,             0.82831,             0.75717,             0.79342,             0.25165,            0.051508,            0.045748,          0.00071566,            0.005149,            0.005149,            0.005149
                 149,            0.055375,            0.079826,          0.00087605,             0.84635,             0.83175,             0.86521,             0.33516,            0.041302,             0.04668,          0.00070514,            0.005116,            0.005116,            0.005116
                 150,            0.051733,            0.071556,           0.0010421,             0.84376,             0.78631,             0.82624,             0.27266,            0.048538,            0.046886,          0.00081709,            0.005083,            0.005083,            0.005083
                 151,             0.05144,            0.061648,          0.00094355,             0.83683,             0.83414,             0.86281,             0.34621,            0.040577,            0.047627,          0.00073617,             0.00505,             0.00505,             0.00505
                 152,            0.049153,            0.068136,          0.00083116,              0.8746,             0.81255,             0.85365,             0.31092,             0.04327,            0.046853,          0.00078461,            0.005017,            0.005017,            0.005017
                 153,             0.04912,            0.067627,          0.00086783,             0.88028,             0.81071,             0.86573,             0.34366,            0.040951,            0.048037,          0.00070652,            0.004984,            0.004984,            0.004984
                 154,            0.050861,             0.08161,           0.0008208,             0.71321,             0.69397,             0.68785,             0.21566,            0.055763,            0.056713,          0.00081735,            0.004951,            0.004951,            0.004951
                 155,            0.043904,            0.066193,          0.00081081,             0.85235,             0.78838,             0.83833,             0.31977,            0.043991,            0.050787,           0.0006345,            0.004918,            0.004918,            0.004918
                 156,            0.048914,            0.064587,           0.0007197,             0.85769,             0.76285,             0.81864,             0.28949,            0.045273,            0.047455,          0.00059301,            0.004885,            0.004885,            0.004885
                 157,            0.050955,            0.065558,           0.0006559,             0.89637,             0.83799,             0.89169,             0.36739,              0.0389,            0.046163,           0.0004746,            0.004852,            0.004852,            0.004852
                 158,            0.046738,            0.066644,          0.00065416,             0.88704,             0.84882,             0.89825,             0.35585,            0.039156,            0.043613,          0.00048179,            0.004819,            0.004819,            0.004819
                 159,            0.052296,            0.080789,          0.00064521,             0.83211,             0.80319,             0.84046,               0.279,            0.048364,            0.043903,          0.00052228,            0.004786,            0.004786,            0.004786
                 160,            0.053364,            0.068604,          0.00071149,             0.88721,             0.86474,             0.90405,             0.37907,            0.038364,            0.044054,          0.00049725,            0.004753,            0.004753,            0.004753
                 161,            0.052191,            0.073792,          0.00086098,              0.8305,             0.85223,               0.872,             0.32737,            0.040933,            0.043956,          0.00044673,             0.00472,             0.00472,             0.00472
                 162,             0.04879,            0.061376,          0.00073115,             0.88415,             0.83872,             0.88398,              0.3471,            0.040647,            0.045014,          0.00048811,            0.004687,            0.004687,            0.004687
                 163,            0.053085,            0.077907,          0.00081135,             0.88221,             0.85506,             0.88716,             0.37206,            0.036694,            0.044083,          0.00051214,            0.004654,            0.004654,            0.004654
                 164,            0.046403,            0.049001,          0.00079205,             0.89679,             0.86375,             0.91364,             0.39642,            0.036438,            0.043473,          0.00049972,            0.004621,            0.004621,            0.004621
                 165,            0.047749,            0.076174,          0.00096176,             0.89485,             0.88407,             0.91534,             0.37869,            0.038622,            0.043376,          0.00050028,            0.004588,            0.004588,            0.004588
                 166,            0.047663,            0.064168,          0.00075375,              0.8938,             0.87106,             0.90682,             0.37346,            0.039292,            0.045143,          0.00048833,            0.004555,            0.004555,            0.004555
                 167,            0.046205,            0.084694,          0.00077482,             0.89871,             0.86281,             0.91342,             0.40944,            0.036363,            0.043088,          0.00048743,            0.004522,            0.004522,            0.004522
                 168,            0.046547,            0.087191,           0.0006258,             0.90021,             0.85909,             0.90944,              0.3859,            0.037795,            0.043042,          0.00049864,            0.004489,            0.004489,            0.004489
                 169,            0.045495,            0.060398,          0.00065116,             0.89702,             0.86214,             0.90773,             0.39368,            0.036676,            0.043185,          0.00045521,            0.004456,            0.004456,            0.004456
                 170,            0.043336,            0.058674,          0.00069542,             0.90237,             0.87885,             0.91864,             0.40112,            0.036524,            0.042389,          0.00046062,            0.004423,            0.004423,            0.004423
                 171,            0.045147,            0.059677,          0.00072504,              0.9169,             0.87223,             0.92111,             0.41167,            0.037097,            0.042875,          0.00044197,             0.00439,             0.00439,             0.00439
                 172,            0.043069,            0.062343,          0.00053963,             0.92019,             0.88014,             0.92517,             0.41104,            0.036716,            0.042683,          0.00043862,            0.004357,            0.004357,            0.004357
                 173,            0.047334,            0.078943,          0.00081954,             0.86686,             0.79536,             0.83964,             0.29886,            0.046658,            0.044137,          0.00043749,            0.004324,            0.004324,            0.004324
                 174,             0.04529,            0.060352,          0.00051013,              0.9102,             0.86666,             0.91677,             0.41299,            0.035666,            0.043432,          0.00038493,            0.004291,            0.004291,            0.004291
                 175,            0.045943,            0.065797,           0.0005913,              0.9076,             0.87291,             0.92031,             0.38322,            0.038801,            0.042467,          0.00037482,            0.004258,            0.004258,            0.004258
                 176,            0.048044,            0.071206,          0.00066781,             0.90081,             0.86888,             0.90795,             0.35646,            0.041614,            0.042744,          0.00037483,            0.004225,            0.004225,            0.004225
                 177,            0.050564,            0.068413,          0.00078071,             0.91792,              0.8622,             0.91438,             0.37552,            0.036901,            0.042502,          0.00036013,            0.004192,            0.004192,            0.004192
                 178,            0.049889,            0.069562,          0.00072613,             0.94093,             0.85877,             0.92562,             0.40359,              0.0359,            0.042803,          0.00039292,            0.004159,            0.004159,            0.004159
                 179,            0.049783,            0.065408,          0.00060134,             0.91632,             0.88274,             0.92301,             0.41193,             0.03474,            0.042276,          0.00044505,            0.004126,            0.004126,            0.004126
                 180,            0.050118,            0.050394,          0.00068443,             0.89279,             0.82912,             0.88448,             0.29616,            0.045462,            0.043537,          0.00050477,            0.004093,            0.004093,            0.004093
                 181,            0.054215,            0.067697,          0.00097519,             0.93406,             0.86412,             0.92194,             0.38871,            0.035946,            0.042001,           0.0004659,             0.00406,             0.00406,             0.00406
                 182,            0.051481,            0.061732,          0.00061703,             0.91442,             0.87681,             0.92945,              0.3524,            0.043188,            0.043055,          0.00053984,            0.004027,            0.004027,            0.004027
                 183,            0.047567,            0.073248,           0.0010251,             0.92242,             0.91474,             0.94996,             0.42495,            0.035389,            0.040962,          0.00057274,            0.003994,            0.003994,            0.003994
                 184,            0.046284,            0.071599,            0.001131,             0.93845,             0.89668,             0.94604,             0.43254,            0.033983,            0.040599,          0.00056091,            0.003961,            0.003961,            0.003961
                 185,              0.0484,            0.062308,          0.00090648,             0.90617,             0.86739,             0.91304,             0.33788,            0.044817,            0.042163,          0.00063064,            0.003928,            0.003928,            0.003928
                 186,            0.047376,            0.073339,          0.00062266,             0.92388,             0.89711,             0.93921,             0.40964,            0.034397,            0.041106,          0.00063547,            0.003895,            0.003895,            0.003895
                 187,            0.044605,            0.068242,          0.00081276,             0.92924,             0.90205,             0.94224,             0.41599,            0.034796,            0.040893,          0.00065446,            0.003862,            0.003862,            0.003862
                 188,            0.043745,            0.072307,          0.00081715,              0.9357,             0.90405,             0.94327,             0.44077,            0.032923,            0.040191,          0.00062406,            0.003829,            0.003829,            0.003829
                 189,            0.045824,            0.056555,          0.00078632,             0.94087,             0.86085,             0.93402,             0.39217,            0.038219,            0.041028,           0.0005954,            0.003796,            0.003796,            0.003796
                 190,            0.044302,            0.071507,          0.00077655,             0.95691,              0.8843,             0.95158,             0.44967,            0.033167,            0.040608,          0.00055519,            0.003763,            0.003763,            0.003763
                 191,             0.04448,            0.062718,          0.00067051,             0.95218,             0.87315,             0.94722,             0.43662,            0.035222,            0.040807,          0.00051865,             0.00373,             0.00373,             0.00373
                 192,            0.041925,            0.065418,          0.00063038,               0.941,             0.90216,             0.95287,              0.4431,            0.035071,            0.040116,          0.00050942,            0.003697,            0.003697,            0.003697
                 193,            0.043148,            0.061612,          0.00060021,             0.92386,             0.87516,             0.93114,              0.4042,            0.039009,            0.042518,          0.00048542,            0.003664,            0.003664,            0.003664
                 194,            0.043873,            0.078443,          0.00068777,             0.91345,             0.88152,             0.93134,             0.42937,            0.036276,             0.04239,          0.00048869,            0.003631,            0.003631,            0.003631
                 195,            0.042973,            0.071693,          0.00066673,             0.94046,             0.89625,             0.94977,             0.41962,            0.039819,            0.042308,          0.00049972,            0.003598,            0.003598,            0.003598
                 196,            0.042379,             0.05737,          0.00058488,              0.9321,             0.90616,             0.94481,             0.44063,            0.033925,            0.040483,          0.00046671,            0.003565,            0.003565,            0.003565
                 197,            0.046638,            0.059631,           0.0037446,             0.93931,             0.89475,             0.94655,              0.4161,            0.037811,            0.040112,           0.0004767,            0.003532,            0.003532,            0.003532
                 198,            0.041341,            0.056791,          0.00072868,             0.93877,             0.90249,             0.94826,              0.4428,            0.034209,            0.040442,          0.00047102,            0.003499,            0.003499,            0.003499
                 199,            0.041007,            0.054671,          0.00069005,             0.93589,             0.91113,             0.95451,             0.45286,            0.031443,            0.039929,          0.00044588,            0.003466,            0.003466,            0.003466
                 200,            0.044203,            0.063142,          0.00052726,             0.93604,             0.91867,             0.95753,             0.45332,            0.032252,            0.039844,          0.00046653,            0.003433,            0.003433,            0.003433
                 201,            0.043018,            0.067239,          0.00083064,             0.91658,             0.90927,             0.94324,             0.44501,            0.031284,            0.039744,           0.0004567,              0.0034,              0.0034,              0.0034
                 202,            0.047149,            0.059358,          0.00081039,             0.90679,             0.90168,             0.92739,             0.41037,            0.033235,            0.040007,          0.00044383,            0.003367,            0.003367,            0.003367
                 203,            0.047087,            0.065205,           0.0006233,             0.88479,             0.90888,             0.93757,             0.39641,            0.039311,            0.041816,          0.00052619,            0.003334,            0.003334,            0.003334
                 204,            0.042614,            0.057786,          0.00052755,             0.89936,             0.89829,             0.93136,             0.36204,            0.044728,            0.041896,          0.00054725,            0.003301,            0.003301,            0.003301
                 205,            0.042057,            0.070639,          0.00054948,              0.9169,             0.90366,             0.94548,             0.44025,             0.03422,            0.041039,          0.00047435,            0.003268,            0.003268,            0.003268
                 206,              0.0414,            0.075336,           0.0005785,             0.92216,             0.91352,             0.95212,             0.40917,            0.038879,            0.040471,          0.00046721,            0.003235,            0.003235,            0.003235
                 207,            0.040873,            0.062448,          0.00070759,              0.9256,             0.90648,             0.95123,             0.43767,             0.03626,            0.039933,          0.00046578,            0.003202,            0.003202,            0.003202
                 208,            0.039639,            0.056326,          0.00058837,             0.92637,             0.92035,             0.95324,             0.44255,            0.035114,            0.040248,          0.00044147,            0.003169,            0.003169,            0.003169
                 209,            0.040689,            0.068308,          0.00071422,             0.92907,             0.91185,             0.95762,             0.43793,            0.036301,            0.039502,          0.00044836,            0.003136,            0.003136,            0.003136
                 210,            0.042619,            0.056234,          0.00046647,             0.94248,             0.90779,             0.95294,             0.41811,            0.039433,            0.039804,          0.00043624,            0.003103,            0.003103,            0.003103
                 211,            0.043901,            0.056889,           0.0027605,             0.94447,             0.92465,              0.9572,             0.44848,            0.033749,            0.039207,          0.00040657,             0.00307,             0.00307,             0.00307
                 212,            0.043941,            0.086754,           0.0014731,             0.96446,             0.90578,             0.96336,             0.47485,            0.030161,            0.038705,          0.00037517,            0.003037,            0.003037,            0.003037
                 213,            0.041718,            0.085183,          0.00052608,              0.9392,             0.92429,             0.96366,              0.4576,            0.034915,            0.038766,          0.00036739,            0.003004,            0.003004,            0.003004
                 214,            0.041941,            0.047555,           0.0005304,             0.94287,             0.92735,             0.96539,              0.4709,            0.030439,            0.038584,          0.00035496,            0.002971,            0.002971,            0.002971
                 215,            0.040582,            0.058101,          0.00058122,             0.93275,             0.91451,             0.95885,              0.4703,            0.030791,             0.03922,          0.00036131,            0.002938,            0.002938,            0.002938
                 216,            0.041735,            0.054392,          0.00049507,             0.92025,             0.89309,             0.94299,             0.40094,             0.03682,            0.039368,          0.00036857,            0.002905,            0.002905,            0.002905
                 217,            0.045192,            0.069371,          0.00056108,             0.95271,             0.91221,             0.95616,             0.47014,             0.02978,            0.038257,          0.00034949,            0.002872,            0.002872,            0.002872
                 218,            0.044537,            0.075553,          0.00061183,             0.93543,             0.91859,             0.96159,             0.44471,            0.033116,            0.038392,           0.0003601,            0.002839,            0.002839,            0.002839
                 219,            0.039332,              0.0552,          0.00054335,             0.94211,             0.92936,             0.96728,             0.46215,            0.033461,            0.038304,           0.0003803,            0.002806,            0.002806,            0.002806
                 220,            0.038461,            0.051213,           0.0005466,             0.94989,             0.92496,             0.96553,              0.4945,            0.029127,            0.038003,          0.00036986,            0.002773,            0.002773,            0.002773
                 221,            0.043001,            0.083751,           0.0005591,             0.94862,             0.91164,             0.96105,              0.4488,            0.032454,            0.038777,          0.00038635,             0.00274,             0.00274,             0.00274
                 222,            0.039948,            0.059864,          0.00044709,             0.96504,             0.92609,             0.97205,             0.49561,            0.029213,            0.037659,          0.00036716,            0.002707,            0.002707,            0.002707
                 223,            0.041935,            0.080896,           0.0020055,             0.95072,             0.93216,             0.97088,             0.46603,            0.033226,            0.038284,          0.00038426,            0.002674,            0.002674,            0.002674
                 224,             0.04235,            0.059544,          0.00067668,              0.9459,             0.93178,             0.96773,             0.48772,            0.029083,             0.03788,          0.00037293,            0.002641,            0.002641,            0.002641
                 225,            0.041821,            0.073051,          0.00059923,             0.92727,             0.94615,             0.96603,             0.46974,             0.03309,             0.03862,          0.00039578,            0.002608,            0.002608,            0.002608
                 226,            0.041088,            0.080882,          0.00058189,             0.93838,             0.92611,             0.95995,             0.46771,            0.030525,            0.038382,          0.00037811,            0.002575,            0.002575,            0.002575
                 227,            0.039187,            0.064116,           0.0005391,             0.93255,             0.93572,             0.95927,             0.48947,            0.030624,            0.038165,          0.00036899,            0.002542,            0.002542,            0.002542
                 228,            0.038927,            0.071952,          0.00047096,             0.93095,             0.94217,             0.96261,             0.47384,            0.032988,            0.038392,          0.00036648,            0.002509,            0.002509,            0.002509
                 229,            0.036269,            0.055335,          0.00051962,             0.92938,             0.94031,             0.96167,             0.47742,            0.032961,            0.038231,          0.00034784,            0.002476,            0.002476,            0.002476
                 230,            0.038837,            0.073549,          0.00045448,             0.94518,             0.91817,             0.95738,             0.42835,            0.037688,            0.038999,          0.00035604,            0.002443,            0.002443,            0.002443
                 231,            0.040195,            0.070428,          0.00053618,             0.94677,             0.92736,             0.96409,             0.46501,            0.035192,            0.038397,          0.00034266,             0.00241,             0.00241,             0.00241
                 232,              0.0377,            0.068094,          0.00051864,             0.94412,             0.92842,             0.96461,             0.47388,            0.032468,            0.037983,          0.00032755,            0.002377,            0.002377,            0.002377
                 233,            0.039013,            0.061542,          0.00051652,             0.96281,             0.92643,             0.97012,             0.50435,            0.029843,            0.037126,          0.00031582,            0.002344,            0.002344,            0.002344
                 234,            0.039581,            0.070513,           0.0005389,             0.96234,             0.92849,             0.97118,             0.51766,            0.027379,            0.036733,          0.00029084,            0.002311,            0.002311,            0.002311
                 235,            0.039196,            0.051526,          0.00054993,             0.95121,             0.92763,             0.96634,              0.5031,              0.0284,            0.036875,          0.00028473,            0.002278,            0.002278,            0.002278
                 236,             0.03961,            0.076097,          0.00051116,             0.93332,             0.94585,             0.96425,              0.4675,            0.035319,            0.037547,          0.00029224,            0.002245,            0.002245,            0.002245
                 237,            0.042993,            0.052681,          0.00049456,             0.94438,             0.93855,             0.96721,             0.51061,            0.029193,            0.036877,          0.00029916,            0.002212,            0.002212,            0.002212
                 238,            0.039129,             0.06802,          0.00049936,             0.93752,             0.94078,             0.96245,             0.47182,            0.032642,            0.037547,          0.00031343,            0.002179,            0.002179,            0.002179
                 239,            0.042091,            0.093929,          0.00061737,             0.94303,             0.94158,             0.96733,             0.48663,            0.032071,            0.037025,          0.00032176,            0.002146,            0.002146,            0.002146
                 240,            0.040019,            0.081944,          0.00065059,             0.94566,             0.94916,             0.96921,             0.52388,            0.027595,            0.036143,           0.0003131,            0.002113,            0.002113,            0.002113
                 241,            0.032043,              0.0471,          0.00035401,             0.94987,              0.9385,             0.96832,             0.49589,            0.030608,            0.036447,          0.00030551,             0.00208,             0.00208,             0.00208
                 242,            0.038904,            0.055677,          0.00044715,             0.94865,             0.94304,             0.97155,             0.51416,            0.028796,            0.036474,          0.00030058,            0.002047,            0.002047,            0.002047
                 243,             0.03968,            0.060329,          0.00062632,             0.95141,             0.93838,             0.97269,             0.52161,            0.029731,            0.036638,            0.000302,            0.002014,            0.002014,            0.002014
                 244,            0.037552,            0.063019,          0.00062033,             0.95395,             0.93606,             0.96972,             0.51662,            0.030079,            0.036858,          0.00030114,            0.001981,            0.001981,            0.001981
                 245,            0.039072,            0.097873,          0.00050831,             0.94984,             0.92504,             0.96667,             0.45997,            0.036888,            0.037574,          0.00031465,            0.001948,            0.001948,            0.001948
                 246,            0.039209,             0.05521,           0.0004427,             0.95729,             0.93102,             0.96991,             0.52911,            0.028201,            0.036623,          0.00030768,            0.001915,            0.001915,            0.001915
                 247,            0.039209,            0.069462,          0.00045599,             0.96355,             0.91797,             0.96674,             0.47776,            0.034634,            0.037755,          0.00031493,            0.001882,            0.001882,            0.001882
                 248,            0.038802,            0.074015,          0.00060899,             0.94265,              0.9501,             0.96923,             0.52728,            0.029476,            0.036739,          0.00030829,            0.001849,            0.001849,            0.001849
                 249,             0.03682,            0.059867,          0.00048086,             0.94764,             0.94315,             0.96976,             0.49389,            0.033296,            0.036854,          0.00031073,            0.001816,            0.001816,            0.001816
                 250,            0.041108,             0.10681,           0.0015012,             0.96882,             0.93338,             0.97145,             0.52508,            0.029402,            0.036409,          0.00029931,            0.001783,            0.001783,            0.001783
                 251,            0.036499,            0.064917,          0.00047664,             0.95728,             0.94337,             0.97102,             0.52448,            0.029503,            0.036461,          0.00029053,             0.00175,             0.00175,             0.00175
                 252,            0.037485,            0.055729,          0.00052447,             0.95931,             0.94371,             0.97316,             0.53015,            0.028277,            0.036031,          0.00028077,            0.001717,            0.001717,            0.001717
                 253,            0.036298,            0.058295,          0.00040494,             0.95837,             0.95089,             0.97408,             0.53291,            0.028112,            0.035981,          0.00027405,            0.001684,            0.001684,            0.001684
                 254,            0.037651,            0.055391,           0.0004218,             0.96037,             0.95201,             0.97682,              0.5202,            0.028904,            0.035988,          0.00027482,            0.001651,            0.001651,            0.001651
                 255,            0.039622,            0.089923,          0.00053776,             0.96511,             0.93926,             0.97024,             0.54645,            0.025686,            0.035471,          0.00026161,            0.001618,            0.001618,            0.001618
                 256,            0.036365,            0.076113,          0.00039944,              0.9627,             0.93964,             0.97223,             0.53447,            0.027639,            0.035749,          0.00026556,            0.001585,            0.001585,            0.001585
                 257,            0.038145,            0.059705,          0.00033056,             0.95601,             0.94216,             0.97374,             0.52804,            0.027914,            0.035735,          0.00026471,            0.001552,            0.001552,            0.001552
                 258,            0.035783,            0.058553,          0.00046115,              0.9532,             0.93926,             0.97323,             0.51856,            0.027734,            0.036053,          0.00026591,            0.001519,            0.001519,            0.001519
                 259,              0.0347,             0.05307,          0.00048061,             0.95246,             0.94306,              0.9757,             0.52789,             0.02782,            0.036195,          0.00026387,            0.001486,            0.001486,            0.001486
                 260,            0.036973,            0.050181,            0.000433,             0.95748,             0.94281,             0.97581,             0.51809,            0.028259,            0.036307,          0.00026079,            0.001453,            0.001453,            0.001453
                 261,            0.034783,            0.061147,          0.00041661,             0.95449,             0.94401,             0.97505,             0.53213,            0.026663,            0.035994,          0.00025763,             0.00142,             0.00142,             0.00142
                 262,            0.036308,            0.074759,          0.00044053,             0.96347,              0.9431,             0.97953,             0.53636,            0.027046,             0.03568,          0.00025582,            0.001387,            0.001387,            0.001387
                 263,            0.034838,            0.052312,          0.00032425,             0.95786,             0.95278,             0.97834,             0.55437,            0.025049,            0.035115,          0.00025453,            0.001354,            0.001354,            0.001354
                 264,            0.036086,             0.05618,          0.00042488,             0.95931,             0.95055,             0.97571,             0.55317,            0.025309,            0.035086,          0.00025348,            0.001321,            0.001321,            0.001321
                 265,            0.037395,            0.075632,          0.00046911,             0.95953,              0.9527,             0.97675,             0.54179,            0.026482,            0.035387,          0.00025816,            0.001288,            0.001288,            0.001288
                 266,             0.03681,            0.054464,          0.00058507,             0.96288,             0.94823,             0.97897,             0.54104,            0.026865,            0.035255,          0.00024973,            0.001255,            0.001255,            0.001255
                 267,            0.034426,            0.055012,          0.00035401,              0.9496,             0.94985,              0.9772,             0.53446,             0.02761,            0.035489,          0.00024959,            0.001222,            0.001222,            0.001222
                 268,            0.035082,            0.061464,           0.0021719,             0.94417,             0.94801,             0.97249,             0.50589,             0.03003,            0.036099,           0.0002509,            0.001189,            0.001189,            0.001189
                 269,            0.036014,            0.054176,          0.00034202,              0.9479,             0.94403,             0.97463,             0.54636,            0.026628,            0.035604,          0.00024152,            0.001156,            0.001156,            0.001156
                 270,            0.035821,            0.049712,          0.00041089,             0.95519,             0.94533,             0.97773,             0.53609,            0.028416,            0.035815,          0.00024554,            0.001123,            0.001123,            0.001123
                 271,            0.036159,            0.061355,          0.00038832,             0.95265,             0.94623,             0.97672,             0.52784,            0.029336,            0.035968,          0.00024185,             0.00109,             0.00109,             0.00109
                 272,            0.035544,            0.057246,          0.00038633,             0.94446,             0.95485,             0.97743,             0.55509,            0.027006,            0.035558,           0.0002366,            0.001057,            0.001057,            0.001057
                 273,            0.034598,            0.044324,          0.00054686,             0.94541,              0.9503,             0.97357,             0.55716,            0.026564,            0.035652,          0.00023255,            0.001024,            0.001024,            0.001024
                 274,            0.035693,            0.072292,          0.00034551,             0.94104,             0.95287,             0.97384,             0.53054,             0.02929,            0.035996,          0.00023406,            0.000991,            0.000991,            0.000991
                 275,             0.03517,            0.066744,          0.00038293,             0.94855,             0.94904,             0.97468,             0.55159,            0.027557,            0.035603,          0.00023244,            0.000958,            0.000958,            0.000958
                 276,            0.035028,            0.054014,          0.00031545,             0.94573,              0.9537,             0.97552,               0.541,            0.028747,            0.035659,          0.00023461,            0.000925,            0.000925,            0.000925
                 277,            0.035879,            0.052565,          0.00039371,             0.94831,             0.95096,             0.97385,             0.54719,            0.027584,            0.035478,          0.00023782,            0.000892,            0.000892,            0.000892
                 278,            0.036163,            0.067247,          0.00069193,             0.95149,             0.95288,             0.97498,             0.55638,            0.026475,            0.035226,          0.00023271,            0.000859,            0.000859,            0.000859
                 279,            0.034689,            0.048876,          0.00041934,             0.94968,              0.9537,             0.97575,             0.55369,            0.026695,            0.035184,            0.000232,            0.000826,            0.000826,            0.000826
                 280,            0.035299,            0.057985,          0.00044709,             0.95421,             0.95741,              0.9776,             0.55737,            0.026324,            0.034914,          0.00023005,            0.000793,            0.000793,            0.000793
                 281,            0.034931,            0.064694,          0.00045344,             0.95411,             0.95652,              0.9781,             0.55131,             0.02694,            0.034917,          0.00022706,             0.00076,             0.00076,             0.00076
                 282,            0.037357,            0.068011,          0.00044888,              0.9564,             0.95777,             0.97951,              0.5654,            0.025578,            0.034601,           0.0002214,            0.000727,            0.000727,            0.000727
                 283,            0.035427,            0.052414,          0.00056168,             0.96163,             0.95939,             0.97924,              0.5627,            0.025208,            0.034608,          0.00021779,            0.000694,            0.000694,            0.000694
                 284,             0.03588,            0.072438,          0.00037919,             0.96357,             0.95902,              0.9795,             0.56222,            0.025427,             0.03464,          0.00021626,            0.000661,            0.000661,            0.000661
                 285,            0.034284,            0.048574,          0.00027044,             0.96255,             0.95797,             0.97949,             0.56056,            0.025839,            0.034666,          0.00021297,            0.000628,            0.000628,            0.000628
                 286,             0.03438,            0.050609,          0.00041682,              0.9689,             0.95569,             0.97841,             0.56478,             0.02581,            0.034561,          0.00021288,            0.000595,            0.000595,            0.000595
                 287,            0.034544,             0.06753,          0.00038887,             0.97555,             0.95035,             0.97973,             0.56394,            0.026056,            0.034565,          0.00021314,            0.000562,            0.000562,            0.000562
                 288,            0.032864,             0.05005,           0.0003321,             0.96689,             0.95578,             0.97805,             0.55125,            0.027199,            0.034745,           0.0002152,            0.000529,            0.000529,            0.000529
                 289,             0.03605,            0.061671,          0.00044366,             0.96235,             0.95927,             0.98172,             0.56152,             0.02632,            0.034637,          0.00021411,            0.000496,            0.000496,            0.000496
                 290,            0.033997,            0.067086,          0.00048801,             0.96917,             0.94799,             0.97813,             0.55718,            0.026793,            0.034825,          0.00021231,            0.000463,            0.000463,            0.000463
                 291,            0.035425,            0.059596,          0.00042185,             0.96718,             0.94607,             0.98106,             0.54693,            0.028062,            0.035044,          0.00020978,             0.00043,             0.00043,             0.00043
                 292,            0.035374,            0.066489,           0.0003001,             0.96837,             0.94415,              0.9795,             0.55294,            0.027426,            0.034886,          0.00020724,            0.000397,            0.000397,            0.000397
                 293,            0.040731,            0.061611,          0.00071412,             0.96871,             0.94419,             0.97968,             0.56741,             0.02582,             0.03451,          0.00020388,            0.000364,            0.000364,            0.000364
                 294,            0.035363,            0.061548,          0.00033606,             0.95807,             0.95579,             0.97971,             0.57636,            0.025172,            0.034234,          0.00020071,            0.000331,            0.000331,            0.000331
                 295,            0.035726,            0.075533,          0.00048035,             0.96576,             0.94872,             0.98164,             0.57588,            0.025181,            0.034273,          0.00019913,            0.000298,            0.000298,            0.000298
                 296,            0.035532,            0.057112,          0.00034367,              0.9586,             0.95652,             0.98174,              0.5748,            0.025235,            0.034266,          0.00019886,            0.000265,            0.000265,            0.000265
                 297,            0.035945,            0.055451,           0.0004862,             0.95847,             0.95561,             0.98142,             0.57402,            0.025292,            0.034211,           0.0001976,            0.000232,            0.000232,            0.000232
                 298,            0.035112,            0.055445,          0.00039629,              0.9565,              0.9587,             0.98042,               0.567,            0.025676,             0.03428,          0.00019805,            0.000199,            0.000199,            0.000199
                 299,            0.032995,            0.060811,          0.00037314,             0.96138,             0.95418,             0.97932,             0.56006,            0.026184,            0.034473,          0.00019892,            0.000166,            0.000166,            0.000166
